writer,id,datetime,text
Elon Musk,@elonmusk,2022-05-15T01:34:47.000Z,Incredible art
Elon Musk,@elonmusk,2022-05-15T01:32:28.000Z,Great shoes
Elon Musk,@elonmusk,2022-05-15T00:45:18.000Z,Borderline too sexy
Elon Musk,@elonmusk,2022-05-15T00:22:20.000Z,"Sooo tasty at first, but then no more golden eggs …"
Elon Musk,@elonmusk,2022-05-15T00:19:19.000Z,The Golden State is cooking its golden geese
Elon Musk,@elonmusk,2022-05-14T23:55:42.000Z,The Lawyers Who Ate California
Elon Musk,@elonmusk,2022-05-14T23:08:17.000Z,(This message brought to you by the Illuminaughty)
Elon Musk,@elonmusk,2022-05-14T23:04:15.000Z,"Very important to fix your Twitter feed:

1. Tap home button.
2. Tap stars on upper right of screen.
3. Select “Latest tweets”.

You are being manipulated by the algorithm in ways you don’t realize.

Easy to switch back & forth to see the difference."
Elon Musk,@elonmusk,2022-05-15T07:28:05.000Z,Not to mention potential bugs in the code. Open source is the way to go to solve both trust and efficacy.
Elon Musk,@elonmusk,2022-05-15T07:23:13.000Z,"I’m not suggesting malice in the algorithm, but rather that it’s trying to guess what you might want to read and, in doing so, inadvertently manipulate/amplify your viewpoints without you realizing this is happening"
Elon Musk,@elonmusk,2022-05-15T02:30:38.000Z,"Iconic
laconic
!platonic"
SpaceX,@SpaceX,2022-05-14T22:04:35.000Z,"Back-to-back Falcon 9 launches of Starlink within 24 hours, completing SpaceX's 19th and 20th launches of the year"
SpaceX,@SpaceX,2022-05-14T20:49:55.000Z,Falcon 9’s first stage has landed on the Just Read the Instructions droneship
Elon Musk,@elonmusk,2022-05-14T18:54:19.000Z,"At least, that’s what the lib hivemind thinks haha"
Elon Musk,@elonmusk,2022-05-14T18:52:07.000Z,Whoever thought owning the libs would be cheap never tried to acquire a social media company!
Elon Musk,@elonmusk,2022-05-14T02:41:00.000Z,The bots are angry at being counted 
Elon Musk,@elonmusk,2022-05-14T01:47:07.000Z,"To find out, my team will do a random sample of 100 followers of @twitter. 

I invite others to repeat the same process and see what they discover …"
SpaceX,@SpaceX,2022-05-13T22:08:37.000Z,Liftoff!
Elon Musk,@elonmusk,2022-05-13T11:50:06.000Z,Still committed to acquisition
Elon Musk,@elonmusk,2022-05-13T09:44:38.000Z,Twitter deal temporarily on hold pending details supporting calculation that spam/fake accounts do indeed represent less than 5% of users
Elon Musk,@elonmusk,2022-05-13T08:26:14.000Z,The straw war is emblematic of larger social issues
Elon Musk,@elonmusk,2022-05-13T01:52:48.000Z,How did it even start?
Elon Musk,@elonmusk,2022-05-13T01:31:19.000Z,The last straw was the last straw!
Elon Musk,@elonmusk,2022-05-13T01:29:06.000Z,Stop the war on straws!
Elon Musk,@elonmusk,2022-05-13T00:38:13.000Z,Updated Starlink availability by region
Elon Musk,@elonmusk,2022-05-12T22:45:27.000Z,"Biden’s mistake is that he thinks he was elected to transform the country, but actually everyone just wanted less drama"
Elon Musk,@elonmusk,2022-05-12T22:36:38.000Z,"Even though I think a less divisive candidate would be better in 2024, I still think Trump should be restored to Twitter"
Elon Musk,@elonmusk,2022-05-12T22:21:34.000Z,Don’t Diss Information
Elon Musk,@elonmusk,2022-05-12T00:25:30.000Z,Tap on the stars in upper right of screen to revert to chronological
Elon Musk,@elonmusk,2022-05-12T00:24:46.000Z,Chronological tweets seem much better than what “the algorithm” suggests
Elon Musk,@elonmusk,2022-05-11T19:24:56.000Z,
Elon Musk,@elonmusk,2022-05-11T00:56:54.000Z,"Starlink has resisted Russian cyberwar jamming & hacking attempts so far, but they’re ramping up their efforts"
Elon Musk,@elonmusk,2022-05-09T13:35:52.000Z,Chocolate milk is insanely good. Just had some.
Elon Musk,@elonmusk,2022-05-09T11:13:59.000Z,There are no angels in war
Elon Musk,@elonmusk,2022-05-09T00:51:26.000Z,"If I die under mysterious circumstances, it’s been nice knowin ya"
Elon Musk,@elonmusk,2022-05-09T00:45:05.000Z,The word “Nazi” doesn’t mean what he seems to think it does
Elon Musk,@elonmusk,2022-05-09T00:40:57.000Z,.@Rogozin sent this to Russian media
Elon Musk,@elonmusk,2022-05-07T12:37:25.000Z,"Also, work ethic expectations would be extreme, but much less than I demand of myself"
Elon Musk,@elonmusk,2022-05-06T16:10:46.000Z,"I strongly believe that all managers in a technical area must be technically excellent. 

Managers in software must write great software or it’s like being a cavalry captain who can’t ride a horse!"
Elon Musk,@elonmusk,2022-05-06T15:33:10.000Z,Another Starlink mission completed
Tesla,@Tesla,2022-05-06T14:00:36.000Z,We created nearly 100k direct new jobs in just one decade – and are planning to grow for years to come 
Tesla,@Tesla,2022-05-06T14:00:05.000Z,"The future is undoubtedly electric  
→ 2021 Impact Report"
Elon Musk,@elonmusk,2022-05-06T15:14:54.000Z,"If Twitter acquisition completes, company will be super focused on hardcore software engineering, design, infosec & server hardware"
NASA,@NASA,2022-05-06T03:59:42.000Z,The deorbit burn has begun and the #Crew3 astronauts are one step closer to coming home.
SpaceX,@SpaceX,2022-05-05T05:21:00.000Z,Dragon separation confirmed! The spacecraft will now execute four departure burns to move away from the @space_station. Dragon will reenter the Earth's atmosphere and splashdown in ~23.5 hours
Elon Musk,@elonmusk,2022-05-04T20:32:01.000Z,Interesting. I wonder if those funding these organizations are fully aware of what the organizations are doing.
Elon Musk,@elonmusk,2022-05-04T11:03:33.000Z,I dunno … seems kinda fungible
Elon Musk,@elonmusk,2022-05-03T23:19:37.000Z,"Twitter will always be free for casual users, but maybe a slight cost for commercial/government users"
Elon Musk,@elonmusk,2022-05-03T20:00:53.000Z,"Ultimately, the downfall of the Freemasons was giving away their stonecutting services for nothing"
Elon Musk,@elonmusk,2022-05-03T19:35:33.000Z,Sunlight is the best disinfectant
Elon Musk,@elonmusk,2022-05-03T19:34:55.000Z,Who funds these organizations that want to control your access to information? Let’s investigate …
Tesla,@Tesla,2022-05-03T04:20:53.000Z,"Tesla's 2022 Annual Shareholder Meeting will be on August 4th in Austin, TX. Thank you for your support of Tesla!"
Elon Musk,@elonmusk,2022-05-02T19:00:20.000Z,As I was saying …
Elon Musk,@elonmusk,2022-05-02T18:12:19.000Z,"the elusive beauty of imperfection

侘寂"
Elon Musk,@elonmusk,2022-05-01T06:23:15.000Z,"Since I’ve been asked a lot:

Buy stock in several companies that make products & services that *you* believe in.

Only sell if you think their products & services are trending worse. Don’t panic when the market does.

This will serve you well in the long-term."
Tesla,@Tesla,2022-04-29T21:37:16.000Z,Tesla Cyber Rodeo
SpaceX,@SpaceX,2022-04-29T21:19:50.000Z,Watch Falcon 9 launch 53 Starlink satellites to orbit → http://spacex.com/launches/sl4-16
Elon Musk,@elonmusk,2022-04-29T12:44:05.000Z,"But I’m no fan of the far right either. 

Let’s have less hate and more love."
Elon Musk,@elonmusk,2022-04-29T12:28:10.000Z,"The far left hates everyone, themselves included!"
Elon Musk,@elonmusk,2022-04-28T20:58:09.000Z,"“Real magic is only a sip away.”
(Actual slogan of Coca-Cola!!) "
Elon Musk,@elonmusk,2022-04-28T20:53:49.000Z,.@CocaCola Oh hi lol
Elon Musk,@elonmusk,2022-04-28T17:47:22.000Z,
SpaceX,@SpaceX,2022-04-28T02:14:58.000Z,Video of Dragon’s Draco thrusters moving the spacecraft closer to the @Space_Station
Elon Musk,@elonmusk,2022-04-28T01:57:27.000Z,"Listen, I can’t do miracles ok"
Elon Musk,@elonmusk,2022-04-28T01:53:50.000Z,Let’s make Twitter maximum fun!
Elon Musk,@elonmusk,2022-04-28T00:56:58.000Z,Next I’m buying Coca-Cola to put the cocaine back in
Elon Musk,@elonmusk,2022-04-28T00:13:47.000Z,"Twitter DMs should have end to end encryption like Signal, so no one can spy on or hack your messages"
SpaceX,@SpaceX,2022-04-27T23:41:36.000Z,Docking confirmed!
Elon Musk,@elonmusk,2022-04-27T20:38:20.000Z,"For Twitter to deserve public trust, it must be politically neutral, which effectively means upsetting the far right and the far left equally"
Elon Musk,@elonmusk,2022-04-27T18:06:21.000Z,
Elon Musk,@elonmusk,2022-04-27T17:28:36.000Z,Should be called Trumpet instead!
Elon Musk,@elonmusk,2022-04-27T17:11:41.000Z,Truth Social (terrible name) exists because Twitter censored free speech
SpaceX,@SpaceX,2022-04-27T08:07:56.000Z,Crew-4 on orbit
Elon Musk,@elonmusk,2022-04-27T05:01:00.000Z,Truth Social is currently beating Twitter & TikTok on the Apple Store
SpaceX,@SpaceX,2022-04-27T04:55:45.000Z,Astronauts arrive at Launch Complex 39A ahead of flight
SpaceX,@SpaceX,2022-04-27T04:00:22.000Z,Watch Falcon 9 launch Dragon and the Crew-4 astronauts to the @space_station → http://spacex.com/launches/crew-4/…
Elon Musk,@elonmusk,2022-04-26T20:15:32.000Z,Per aspera ad astra!
Elon Musk,@elonmusk,2022-04-26T20:09:46.000Z,"Raptor 2 rocket engines at Starbase, each producing over half a million pounds (230 tons) of force"
Elon Musk,@elonmusk,2022-04-26T19:33:33.000Z,"By “free speech”, I simply mean that which matches the law. 

I am against censorship that goes far beyond the law. 

If people want less free speech, they will ask government to pass laws to that effect.

Therefore, going beyond the law is contrary to the will of the people."
Elon Musk,@elonmusk,2022-04-26T18:26:46.000Z,The extreme antibody reaction from those who fear free speech says it all
NASA,@NASA,2022-04-26T11:00:42.000Z,"The four astronauts of #Crew4 are set to launch to our orbiting laboratory on April 27 at 3:52am ET (7:52 UTC).

Join us RIGHT NOW for the prelaunch teleconference with program experts: https://youtu.be/SeYu4t4XxDo"
SpaceX,@SpaceX,2022-04-26T11:59:43.000Z,Weather is 90% favorable for tomorrow’s Falcon 9 launch of Dragon and the Crew-4 astronauts. Webcast will go live at 12:00 a.m. ET → http://spacex.com/launches/crew-4/…
Elon Musk,@elonmusk,2022-04-25T19:43:22.000Z, Yesss!!! 
Elon Musk,@elonmusk,2022-04-25T16:12:30.000Z,"I hope that even my worst critics remain on Twitter, because that is what free speech means"
The Boring Company,@boringcompany,2022-04-25T15:37:34.000Z,Hyperloop testing at full-scale begins later this year.
Elon Musk,@elonmusk,2022-04-25T15:35:41.000Z,And be my love in the rain
SpaceX,@SpaceX,2022-04-25T00:30:36.000Z,Watch Dragon and the Ax-1 astronauts depart the @space_station and return to Earth → http://spacex.com/launches/ax-1/
Elon Musk,@elonmusk,2022-04-24T14:25:01.000Z,(from making fun of Gates for shorting Tesla while claiming to support climate change action)
Elon Musk,@elonmusk,2022-04-24T11:46:48.000Z,Moving on …
Elon Musk,@elonmusk,2022-04-23T04:07:18.000Z,shadow ban council reviewing tweet …
Elon Musk,@elonmusk,2022-04-23T03:30:45.000Z,in case u need to lose a boner fast
Elon Musk,@elonmusk,2022-04-22T23:43:11.000Z,What is best in life?
Elon Musk,@elonmusk,2022-04-22T23:39:48.000Z,The Barbarians are at the Gate
Elon Musk,@elonmusk,2022-04-21T20:20:38.000Z,Believe in the future
Elon Musk,@elonmusk,2022-04-21T20:12:46.000Z,
Elon Musk,@elonmusk,2022-04-21T20:09:15.000Z,
Elon Musk,@elonmusk,2022-04-21T18:56:34.000Z,And authenticate all real humans
Elon Musk,@elonmusk,2022-04-21T18:53:55.000Z,"If our twitter bid succeeds, we will defeat the spam bots or die trying!"
Elon Musk,@elonmusk,2022-04-21T18:50:52.000Z,"Such a joy to work with amazingly talented people at SpaceX, Tesla, Neuralink & Boring Co!"
SpaceX,@SpaceX,2022-04-21T18:01:33.000Z,"Falcon 9’s first stage has landed on the Just Read the Instructions droneship, completing this booster’s 12th launch and landing"
SpaceX,@SpaceX,2022-04-21T17:44:09.000Z,Watch Falcon 9 launch 53 Starlink satellites to orbit → http://spacex.com/launches/sl4-14/…
Elon Musk,@elonmusk,2022-04-21T03:09:12.000Z,"Please consider working at The Boring Company! 

Our goal is to solve traffic, which plagues every major city on Earth."
Elon Musk,@elonmusk,2022-04-20T03:32:19.000Z,_______ is the Night
Elon Musk,@elonmusk,2022-04-19T18:25:05.000Z,A social media platform’s policies are good if the most extreme 10% on left and right are equally unhappy
Elon Musk,@elonmusk,2022-04-18T21:32:12.000Z,SpaceX Falcon team making great progress! Aiming for 5 day launch cadence with many performance & refurb improvements.
Elon Musk,@elonmusk,2022-04-18T14:15:38.000Z,"Why, thank you, sir!"
Elon Musk,@elonmusk,2022-04-17T21:09:42.000Z,Happy Easter!
Elon Musk,@elonmusk,2022-04-17T16:27:49.000Z,Smooth landing video
Elon Musk,@elonmusk,2022-04-16T19:02:24.000Z, Love Me Tender 
Elon Musk,@elonmusk,2022-04-15T20:09:48.000Z,Thanks for the support!
Elon Musk,@elonmusk,2022-04-14T22:07:09.000Z,
Elon Musk,@elonmusk,2022-04-14T21:40:23.000Z,iu
Elon Musk,@elonmusk,2022-04-14T20:12:08.000Z,"Taking Twitter private at $54.20 should be up to shareholders, not the board"
Elon Musk,@elonmusk,2022-04-14T19:06:07.000Z,Will endeavor to keep as many shareholders in privatized Twitter as allowed by law
Elon Musk,@elonmusk,2022-04-14T11:23:21.000Z,"I made an offer 
https://sec.gov/Archives/edgar/data/0001418091/000110465922045641/tm2212748d1_sc13da.htm…"
SpaceX,@SpaceX,2022-04-12T21:16:33.000Z,"Photos from the @space_station of Dragon and the Ax-1 astronauts approaching the orbiting laboratory before docking on Saturday, April 9"
Elon Musk,@elonmusk,2022-04-10T00:03:19.000Z,Weather is fake. I seen Truman Show!
Elon Musk,@elonmusk,2022-04-09T20:14:20.000Z,69.420% of statistics are false
Elon Musk,@elonmusk,2022-04-09T20:12:22.000Z,Truth is the first casualty.
Tesla,@Tesla,2022-04-09T15:23:05.000Z,Thank you to everyone who came out to celebrate the first Giga Texas deliveries and party with us. Yeehaw!
SpaceX,@SpaceX,2022-04-09T12:32:32.000Z,Docking confirmed!
Elon Musk,@elonmusk,2022-04-09T13:38:00.000Z,And @justinbieber only posted once this entire year
Elon Musk,@elonmusk,2022-04-09T13:35:49.000Z,"For example, @taylorswift13 hasn’t posted anything in 3 months"
Elon Musk,@elonmusk,2022-04-09T13:32:31.000Z,"Most of these “top” accounts tweet rarely and post very little content. 

Is Twitter dying?"
Elon Musk,@elonmusk,2022-04-09T12:37:44.000Z,Interesting
SpaceX,@SpaceX,2022-04-09T09:45:26.000Z,Watch Dragon and the @Axiom_Space Ax-1 crew dock with the @space_station → http://spacex.com/launches/ax-1/
International Space Station,@Space_Station,2022-04-09T11:54:57.000Z,The @SpaceX Dragon Endeavour with four @Axiom_Space astronauts is holding 20 meters away from the station as the station crew works a video routing issue. https://nasa.gov/live
NASA,@NASA,2022-04-08T15:18:35.000Z,This takes commerce to a whole new level. @Axiom_Space's #Ax1 mission is on its way to the @Space_Station in @SpaceX's Dragon Endeavour—a key step in our ongoing work to open opportunities for space travelers in low-Earth orbit.
SpaceX,@SpaceX,2022-04-08T15:35:45.000Z,Ax-1 on orbit
SpaceX,@SpaceX,2022-04-08T16:58:08.000Z,Falcon 9 launches the first all-private human spaceflight mission to the @space_station
SpaceX,@SpaceX,2022-04-07T13:50:20.000Z,All systems are looking good for tomorrow’s Falcon 9 launch of the @Axiom_Space Ax-1 mission to the @space_station; teams are keeping an eye on downrange weather along the ascent corridor. Webcast will go live at ~7:55 a.m. ET → http://spacex.com/launches/ax-1/
Elon Musk,@elonmusk,2022-04-08T10:50:44.000Z,"Great work by Tesla Texas Team!!

Built & delivered first Giga Texas production cars & threw a killer opening party  "
Elon Musk,@elonmusk,2022-04-08T01:43:01.000Z,Show starts in ~20 mins
NetflixFilm,@NetflixFilm,2022-04-01T14:01:08.000Z,"RETURN TO SPACE
(On Netflix April 7)
Elon Musk and SpaceX engineers embark on a historic mission to return NASA astronauts to the International Space Station and revolutionize space travel."
Elon Musk,@elonmusk,2022-04-07T08:22:22.000Z,
Elon Musk,@elonmusk,2022-04-07T08:20:08.000Z,
Elon Musk,@elonmusk,2022-04-07T06:17:19.000Z,
Elon Musk,@elonmusk,2022-04-07T06:16:04.000Z,Preparing …
Elon Musk,@elonmusk,2022-04-07T06:14:07.000Z,
Elon Musk,@elonmusk,2022-04-07T05:34:19.000Z,I will give a talk around 9
Elon Musk,@elonmusk,2022-04-07T05:29:24.000Z," Gigafactory Texas 

Grand opening party tomorrow!

Doors open at 4, festivities at 8"
SpaceX,@SpaceX,2022-04-06T03:25:03.000Z,"Falcon 9 and Dragon vertical at 39A; targeting Friday, April 8 for launch of Ax-1 → https://spacex.com/launches/ax-1/"
Elon Musk,@elonmusk,2022-04-05T00:48:06.000Z,Do you want an edit button?
Elon Musk,@elonmusk,2022-04-04T16:04:49.000Z,Oh hi lol
Elon Musk,@elonmusk,2022-04-03T20:10:23.000Z,Berlin rocks
Elon Musk,@elonmusk,2022-04-03T09:14:40.000Z,
Elon Musk,@elonmusk,2022-04-03T06:54:15.000Z,"I am inspired by curiosity. 

That is what drives me. 

So let us expand the scope & scale of consciousness so that we may aspire to understand the Universe."
Elon Musk,@elonmusk,2022-04-03T06:19:29.000Z,Peace. Peace?  I hate the word. Those who do care about peace (myself aspirationally included) don’t need to hear it. And those who don’t care about peace? Well …
Elon Musk,@elonmusk,2022-04-03T05:45:19.000Z,
Elon Musk,@elonmusk,2022-04-03T05:00:17.000Z,https://scientificamerican.com/article/the-pandemic-caused-a-baby-bust-not-a-boom/?amp=true…
Elon Musk,@elonmusk,2022-04-03T04:58:37.000Z,I’m talking about not having kids in the first place. That’s the problem.
Elon Musk,@elonmusk,2022-04-03T04:52:11.000Z,But we should
Elon Musk,@elonmusk,2022-04-03T04:50:49.000Z,Humanity did not evolve to mourn the unborn
Elon Musk,@elonmusk,2022-04-03T02:51:18.000Z,They wrote PEACE on the wall at Berghain! I refused enter.
Elon Musk,@elonmusk,2022-04-03T01:55:38.000Z,
Elon Musk,@elonmusk,2022-04-03T01:52:31.000Z,
Elon Musk,@elonmusk,2022-04-03T01:24:12.000Z,
Tesla,@Tesla,2022-04-01T20:42:05.000Z,Flying Through Giga Berlin
Elon Musk,@elonmusk,2022-04-01T00:34:56.000Z,To think I grew up 2b bizniz magnet 
SpaceX,@SpaceX,2022-03-31T20:02:26.000Z,"Targeting Friday, April 1 for launch of our fourth dedicated smallsat rideshare mission; teams are keeping an eye on weather as the latest forecast shows a 30% chance of favorable liftoff conditions http://spacex.com/launches/transporter-4…"
Elon Musk,@elonmusk,2022-03-30T01:43:14.000Z,Sustainable energy generation from sun & wind is making great progress!
Elon Musk,@elonmusk,2022-03-28T22:05:21.000Z,"Starlink  team too! Expecting over 4200 Starlink satellites in operation within 18 months, which is ~2/3 of all active satellites of Earth."
Elon Musk,@elonmusk,2022-03-28T20:22:28.000Z,SpaceX Falcon  team is making excellent progress – aiming for 60 launches this year!
SpaceX,@SpaceX,2022-03-28T17:33:08.000Z,"Payloads for our upcoming fourth dedicated smallsat rideshare mission – Transporter-4 – were encapsulated into Falcon 9’s fairing late last week. On this flight are 40 spacecraft, including cubesats, microsats, picosats, hosted payloads, and an orbital transfer vehicle"
Elon Musk,@elonmusk,2022-03-28T09:29:09.000Z,We’ve all been there
Elon Musk,@elonmusk,2022-03-28T08:56:42.000Z,
Elon Musk,@elonmusk,2022-03-28T08:12:34.000Z,"Covid-19 is the virus of Theseus.

How many gene changes before it’s not Covid-19 anymore?

I supposedly have it again (sigh), but almost no symptoms."
Elon Musk,@elonmusk,2022-03-27T16:00:51.000Z,Seize the memes of production!
Elon Musk,@elonmusk,2022-03-26T17:54:02.000Z,Is a new platform needed?
Elon Musk,@elonmusk,2022-03-26T17:51:26.000Z,"Given that Twitter serves as the de facto public town square, failing to adhere to free speech principles fundamentally undermines democracy. 

What should be done?"
Elon Musk,@elonmusk,2022-03-26T05:53:24.000Z,
SpaceX,@SpaceX,2022-03-25T16:06:11.000Z,NASA has ordered six additional @space_station resupply missions from SpaceX! Dragon will continue to deliver critical cargo and supplies to and from the orbiting lab through 2026 → http://nasa.gov/feature/nasa-orders-additional-cargo-flights-to-space-station…
Elon Musk,@elonmusk,2022-03-25T08:26:45.000Z,The consequences of this poll will be important. Please vote carefully.
Elon Musk,@elonmusk,2022-03-25T07:34:52.000Z,"Free speech is essential to a functioning democracy.

Do you believe Twitter rigorously adheres to this principle?"
Elon Musk,@elonmusk,2022-03-25T01:15:13.000Z,
Elon Musk,@elonmusk,2022-03-25T01:06:48.000Z,"Old, but good"
Elon Musk,@elonmusk,2022-03-24T23:55:26.000Z,Most people think the fruit was named after the color (fools!) http://etymology.com
Elon Musk,@elonmusk,2022-03-24T23:53:23.000Z,The movie Gaslight has gaslit so many people it’s insane
Elon Musk,@elonmusk,2022-03-24T20:26:49.000Z, NASA 
Elon Musk,@elonmusk,2022-03-24T17:07:22.000Z,Twitter algorithm should be open source
Elon Musk,@elonmusk,2022-03-22T13:30:39.000Z, Danke Deutschland!! 
Elon Musk,@elonmusk,2022-03-21T18:38:32.000Z,Excited to hand over the first production cars made by Giga Berlin-Brandenburg tomorrow!
Elon Musk,@elonmusk,2022-03-19T08:35:46.000Z,
Elon Musk,@elonmusk,2022-03-19T05:49:35.000Z,Also the heaviest Falcon 9 payload at 16.25 metric tons
Elon Musk,@elonmusk,2022-03-19T05:48:12.000Z,Deployment of 53 Starlink satellites confirmed
SpaceX,@SpaceX,2022-03-19T04:51:45.000Z,This is the first time a Falcon 9 first stage has launched and landed 12 times!
Elon Musk,@elonmusk,2022-03-19T03:26:10.000Z,As it ends the cycle of retribution
Elon Musk,@elonmusk,2022-03-19T03:24:17.000Z,"The limbic instinct for vengeance is incredibly strong, which is why turn the other cheek is such a powerful idea"
SpaceX,@SpaceX,2022-03-18T20:35:44.000Z,Starship full stack propellant load testing at Starbase
Elon Musk,@elonmusk,2022-03-17T06:56:51.000Z,"I have so much respect for the associates doing an honest day’s work at Tesla or SpaceX building & servicing cars, rockets, Starlinks, batteries, solar & many other things"
Elon Musk,@elonmusk,2022-03-17T06:52:38.000Z,Working hard to make useful products & services for your fellow humans is deeply morally good
Elon Musk,@elonmusk,2022-03-17T04:19:35.000Z,Working on Master Plan Part 3
Elon Musk,@elonmusk,2022-03-15T20:32:20.000Z,"Thank you for the offer, but such excellent training would give me too much of an advantage. 

If he is afraid to fight, I will agree to use only my left hand and I am not even left-handed.

Elona"
Elon Musk,@elonmusk,2022-03-15T20:20:19.000Z,"Telegram post by Ramzan Kadyrov, head of Chechen Republic!"
Elon Musk,@elonmusk,2022-03-15T00:46:22.000Z,Congratulations SpaceX team for all that you have accomplished!
Elon Musk,@elonmusk,2022-03-14T11:53:36.000Z,Вы согласны на этот бой? @KremlinRussia_E
Elon Musk,@elonmusk,2022-03-14T11:09:22.000Z,"I hereby challenge
Владимир Путин 
to single combat

Stakes are Україна"
Elon Musk,@elonmusk,2022-03-14T10:47:57.000Z,By the pricking of my thumbs …
Elon Musk,@elonmusk,2022-03-14T09:42:25.000Z,There is a beauty to the biological substrate
Elon Musk,@elonmusk,2022-03-14T08:31:53.000Z,
Elon Musk,@elonmusk,2022-03-14T07:48:53.000Z,
Elon Musk,@elonmusk,2022-03-14T01:48:03.000Z,And we are not alone
Elon Musk,@elonmusk,2022-03-14T01:41:19.000Z,Tesla & SpaceX are seeing significant recent inflation pressure in raw materials & logistics
Elon Musk,@elonmusk,2022-03-13T21:39:30.000Z,What are your thoughts about probable inflation rate over next few years?
Elon Musk,@elonmusk,2022-03-13T11:02:24.000Z,Fifteen Decisive Battles of the World
Elon Musk,@elonmusk,2022-03-09T14:01:23.000Z,Another 48 Starlinks just reached orbit
Elon Musk,@elonmusk,2022-03-09T06:47:17.000Z,
Elon Musk,@elonmusk,2022-03-07T07:49:42.000Z,"You are my favorite hello,
And my hardest goodbye."
Tesla,@Tesla,2022-03-06T08:22:41.000Z,"Giga Berlin darf eröffnen  

Come join the team!"
Elon Musk,@elonmusk,2022-03-06T23:57:02.000Z,Also nuclear is vastly better for global warming than burning hydrocarbons for energy
Elon Musk,@elonmusk,2022-03-06T23:33:20.000Z,"For those who (mistakenly) think this is a radiation risk, pick what you think is the worst location. I will travel there & eat locally grown food on TV.

I did this in Japan many years ago, shortly after Fukushima. Radiation risk is much, much lower than most people believe."
Elon Musk,@elonmusk,2022-03-06T23:27:00.000Z,"Hopefully, it is now extremely obvious that Europe should restart dormant nuclear power stations and increase power output of existing ones. 

This is *critical* to national and international security."
Elon Musk,@elonmusk,2022-03-06T14:18:02.000Z,"Self-driving car will amplify traffic to insane levels, as you won’t feel the pain of driving yourself"
Elon Musk,@elonmusk,2022-03-06T14:06:26.000Z,Defeating traffic is the ultimate boss battle. Even the most powerful humans in the world cannot defeat traffic.
Elon Musk,@elonmusk,2022-03-06T04:38:57.000Z,Even some of the best AI software engineers in the world don’t realize how advanced Tesla AI has become
Elon Musk,@elonmusk,2022-03-06T03:45:50.000Z,
Elon Musk,@elonmusk,2022-03-05T05:15:51.000Z,"Starlink has been told by some governments (not Ukraine) to block Russian news sources. We will not do so unless at gunpoint.

Sorry to be a free speech absolutist."
Elon Musk,@elonmusk,2022-03-05T04:59:24.000Z,"SpaceX reprioritized to cyber defense & overcoming signal jamming. 

Will cause slight delays in Starship & Starlink V2."
Elon Musk,@elonmusk,2022-03-05T01:22:00.000Z,"And also my sympathies to the great people of Russia, who do not want this"
Elon Musk,@elonmusk,2022-03-05T01:21:07.000Z, Hold Strong Ukraine 
Elon Musk,@elonmusk,2022-03-05T00:48:59.000Z,"Obviously, this would negatively affect Tesla, but sustainable energy solutions simply cannot react instantaneously to make up for Russian oil & gas exports."
Elon Musk,@elonmusk,2022-03-05T00:40:01.000Z,"Hate to say it, but we need to increase oil & gas output immediately. 

Extraordinary times demand extraordinary measures."
SpaceX,@SpaceX,2022-03-03T18:04:40.000Z,This was our 9th Falcon 9 launch in the first 9 weeks of 2022
Elon Musk,@elonmusk,2022-03-03T19:49:51.000Z,"Important warning: Starlink is the only non-Russian communications system still working in some parts of Ukraine, so probability of being targeted is high. Please use with caution."
SpaceX,@SpaceX,2022-03-03T15:45:58.000Z,Deployment of 47 Starlink satellites confirmed
SpaceX,@SpaceX,2022-03-03T14:14:27.000Z,Watch Falcon 9 launch 47 Starlink satellites to orbit → http://spacex.com/launches
Tesla Solar,@TeslaSolar,2022-03-02T18:26:00.000Z,"Solar Roof lets you become your own renewable energy utility. Generate clean energy and drive on solar.
: @bethlyp on IG"
SpaceX,@SpaceX,2022-02-25T17:13:54.000Z,The people of Tonga were recently connected with Starlink
SpaceX,@SpaceX,2022-02-25T17:02:47.000Z,Watch Falcon 9 launch 50 Starlink satellites to orbit → http://spacex.com/launches
Elon Musk,@elonmusk,2022-02-22T22:35:13.000Z,
Elon Musk,@elonmusk,2022-02-22T10:18:25.000Z,tau > pi
Elon Musk,@elonmusk,2022-02-22T10:10:05.000Z,ℏ
Elon Musk,@elonmusk,2022-02-22T00:24:17.000Z,M Night should do a horror movie about this – it would resonate
Elon Musk,@elonmusk,2022-02-21T23:22:01.000Z,Entertainment is becoming a username/password/2FA nightmare
SpaceX,@SpaceX,2022-02-21T14:45:25.000Z,Liftoff!
SpaceX,@SpaceX,2022-02-21T14:29:56.000Z,Watch Falcon 9 launch 46 Starlink satellites to orbit → http://spacex.com/launches
Elon Musk,@elonmusk,2022-02-20T02:52:48.000Z,I think it will reach #2
Elon Musk,@elonmusk,2022-02-20T02:51:12.000Z,I’m dropping a new album
Elon Musk,@elonmusk,2022-02-20T02:46:59.000Z,
SpaceX,@SpaceX,2022-02-19T17:19:00.000Z,Launch and catch tower at Starbase destacking Starship
Elon Musk,@elonmusk,2022-02-18T23:49:57.000Z,So amazing that we decompress from a single cell to over 30 trillion cells
Tesla,@Tesla,2022-02-18T19:25:16.000Z,Celebrating our one millionth 4680 cell in January
Elon Musk,@elonmusk,2022-02-17T20:01:33.000Z,"An evolutionary asymmetry helpful to survival, but counterproductive when survival is not at stake"
Elon Musk,@elonmusk,2022-02-17T19:57:29.000Z,Reasons to hate are remembered better than reasons to love
Tesla,@Tesla,2022-02-17T19:41:04.000Z,You can now customize how your Tesla appears on the screen and app with the Car Colorizer
Elon Musk,@elonmusk,2022-02-15T02:31:48.000Z,This will be real in our lifetime
Elon Musk,@elonmusk,2022-02-15T02:27:54.000Z,Starship to Mars simulation
Elon Musk,@elonmusk,2022-02-14T22:54:37.000Z,Over 250k Starlink user terminals
Elon Musk,@elonmusk,2022-02-14T19:44:02.000Z,Destacking Starship
Jared Isaacman,@rookisaacman,2022-02-14T14:26:13.000Z,"Exciting time in commercial spaceflight. Polaris Program will undertake a series of tech demo  missions culminating in first flight of Starship. Thankful to team @SpaceX, Polaris Directors & my amazing crew @KiddPoteet @gillis_sarahe, Anna Menon
Support for @StJude never ends"
Elon Musk,@elonmusk,2022-02-11T20:01:33.000Z,"The duty of a leader is to serve their people, not for the people to serve them"
SpaceX,@SpaceX,2022-02-11T02:41:29.000Z,A fully and rapidly reusable launch vehicle is key to a future in which humanity is out exploring the stars
SpaceX,@SpaceX,2022-02-11T02:37:06.000Z,The launch tower at Starbase will help stack Starship and catch the Super Heavy rocket booster
SpaceX,@SpaceX,2022-02-11T02:38:49.000Z,"Raptor 2 generates more than 230 tons of thrust at sea level, up from Raptor 1’s 185 tons"
SpaceX,@SpaceX,2022-02-11T01:55:42.000Z,Watch live as Elon provides an update on the development of Starship → http://spacex.com
Elon Musk,@elonmusk,2022-02-10T16:51:44.000Z,
Elon Musk,@elonmusk,2022-02-10T05:04:48.000Z,
Elon Musk,@elonmusk,2022-02-10T04:53:52.000Z,
Elon Musk,@elonmusk,2022-02-10T04:46:57.000Z,
Elon Musk,@elonmusk,2022-02-10T04:31:58.000Z,Tower arms are lifting Starship onto Super Heavy Booster
Elon Musk,@elonmusk,2022-02-09T21:34:13.000Z,Much appreciated!
Elon Musk,@elonmusk,2022-02-07T23:40:58.000Z,"Most news outlets attempt to answer the question: “What are the worst things happening on Earth today?”

It’s a big planet! Obviously, some bad things are happening somewhere at any given time, but focusing relentlessly on those does not give an accurate picture of reality."
Elon Musk,@elonmusk,2022-02-07T23:18:37.000Z,Why is the “traditional” media such a relentless hatestream? Real question.
Elon Musk,@elonmusk,2022-02-07T18:09:58.000Z,Always look on the bright side of life
Elon Musk,@elonmusk,2022-02-07T17:42:56.000Z,
Elon Musk,@elonmusk,2022-02-06T01:38:11.000Z,[Satire]
Elon Musk,@elonmusk,2022-02-06T01:37:28.000Z, Thank You for Smoking 
Elon Musk,@elonmusk,2022-02-06T00:27:58.000Z,Tesla Model S & X Plaid are so fun!
Elon Musk,@elonmusk,2022-02-06T00:26:05.000Z,Extended tracking shot of Falcon 9
Elon Musk,@elonmusk,2022-02-05T20:19:53.000Z,
Elon Musk,@elonmusk,2022-02-03T21:32:56.000Z,"If things go well, Falcon will launch about once a week on average in 2022, delivering ~2/3 of all Earth payload to orbit"
Elon Musk,@elonmusk,2022-02-03T20:50:45.000Z,Congrats SpaceX Falcon team!
SpaceX,@SpaceX,2022-02-03T18:00:32.000Z,Watch Falcon 9 launch 49 Starlink satellites to orbit → http://spacex.com/launches
SpaceX,@SpaceX,2022-02-02T20:16:45.000Z,Watch Falcon 9 launch NROL-87 to orbit → http://spacex.com/launches
Elon Musk,@elonmusk,2022-02-02T16:43:49.000Z,"SpaceX standard antenna production rises rapidly this year, so those with orders shouldn’t have to wait long.

Note, Starlink can only support a limited number of users in an area, so best to order early."
Elon Musk,@elonmusk,2022-02-02T10:37:30.000Z,"Exciting progress at Starbase, Texas!"
Elon Musk,@elonmusk,2022-02-02T05:43:24.000Z,This is twice the area of our standard phased array with broader scan angle
Elon Musk,@elonmusk,2022-02-02T05:28:41.000Z,Starlink high performance antenna
SpaceX,@SpaceX,2022-01-31T23:18:44.000Z,View of Falcon 9's stage separation from ground cameras
SpaceX,@SpaceX,2022-01-31T22:58:53.000Z,Watch launch of COSMO-SkyMed Second Generation FM2 → http://spacex.com/launches
SpaceX,@SpaceX,2022-01-31T23:12:16.000Z,Liftoff!
Elon Musk,@elonmusk,2022-01-31T21:54:22.000Z,Denmark just ended Covid restrictions
Tesla Charging,@TeslaCharging,2022-01-31T13:30:36.000Z,Non-Tesla vehicles can now charge at select Superchargers in France and Norway via the Tesla app. Learn more at https://tesla.com/support/non-tesla-supercharging…
Elon Musk,@elonmusk,2022-01-31T06:39:35.000Z,
Elon Musk,@elonmusk,2022-01-30T22:51:10.000Z,Halo Infinite campaign is good
Elon Musk,@elonmusk,2022-01-30T20:04:38.000Z,"For reasons unknown, @potus is unable to say the word “Tesla”"
Elon Musk,@elonmusk,2022-01-30T18:52:01.000Z,So many Hitlers!
Elon Musk,@elonmusk,2022-01-30T17:38:35.000Z,
Elon Musk,@elonmusk,2022-01-30T08:26:30.000Z,
Elon Musk,@elonmusk,2022-01-29T23:39:10.000Z,Just rewatched True Romance 
Elon Musk,@elonmusk,2022-01-29T11:21:38.000Z,Lie back and think of Mars
Elon Musk,@elonmusk,2022-01-29T06:48:49.000Z,
Elon Musk,@elonmusk,2022-01-29T05:25:18.000Z,The Universe is a Hydrogen Sonata
Elon Musk,@elonmusk,2022-01-28T17:44:30.000Z,"Disney in the streets,
Euphoria in the sheets"
Elon Musk,@elonmusk,2022-01-27T23:56:10.000Z,And in the darkness bind them
Elon Musk,@elonmusk,2022-01-27T23:39:57.000Z,"If you scare people enough, they will demand removal of freedom. This is the path to tyranny."
Elon Musk,@elonmusk,2022-01-27T22:24:24.000Z,Seems odd that the UN still hasn’t released 2020 world death rates
Elon Musk,@elonmusk,2022-01-27T21:00:09.000Z,CB radios are free from govt/media control
Elon Musk,@elonmusk,2022-01-27T18:45:22.000Z,Canadian truckers rule
Elon Musk,@elonmusk,2022-01-27T17:31:57.000Z,Je m’aple syrup
Elon Musk,@elonmusk,2022-01-26T01:07:59.000Z,Been driving latest Cybertruck prototype around Giga Texas. It’s awesome!
Elon Musk,@elonmusk,2022-01-25T12:39:40.000Z,
Elon Musk,@elonmusk,2022-01-25T12:30:40.000Z,I will eat a happy meal on tv if @McDonalds accepts Dogecoin
Elon Musk,@elonmusk,2022-01-25T10:48:55.000Z,
Elon Musk,@elonmusk,2022-01-25T10:43:54.000Z,
Tesla,@Tesla,2022-01-21T09:18:55.000Z,Graffiti art at Giga Berlin
Elon Musk,@elonmusk,2022-01-21T09:23:26.000Z,Twitter is spending engineering resources on this bs while crypto scammers are throwing a spambot block party in every thread!?
Elon Musk,@elonmusk,2022-01-21T09:12:41.000Z,This is annoying
Elon Musk,@elonmusk,2022-01-20T03:57:33.000Z,Maybe something like this
Elon Musk,@elonmusk,2022-01-20T03:45:25.000Z,
Elon Musk,@elonmusk,2022-01-20T03:17:49.000Z,Frank & Beans
Elon Musk,@elonmusk,2022-01-19T09:11:10.000Z,"Tesla AI might play a role in AGI, given that it trains against the outside world, especially with the advent of Optimus"
Elon Musk,@elonmusk,2022-01-19T08:28:16.000Z,
Elon Musk,@elonmusk,2022-01-19T02:51:53.000Z,Believe in the future!
Elon Musk,@elonmusk,2022-01-19T02:49:42.000Z,Back to the moon soon
Elon Musk,@elonmusk,2022-01-19T02:46:07.000Z,
Elon Musk,@elonmusk,2022-01-18T19:49:30.000Z,
Elon Musk,@elonmusk,2022-01-18T19:47:25.000Z,
Elon Musk,@elonmusk,2022-01-18T17:08:52.000Z,"If there aren’t enough people for Earth, then there definitely won’t be enough for Mars "
Elon Musk,@elonmusk,2022-01-18T17:05:50.000Z,"UN projections are utter nonsense. Just multiply last year’s births by life expectancy. Given downward trend in birth rate, that is best case unless reversed."
Elon Musk,@elonmusk,2022-01-18T17:02:24.000Z,We should be much more worried about population collapse
Elon Musk,@elonmusk,2022-01-16T23:32:47.000Z,
Elon Musk,@elonmusk,2022-01-16T23:31:47.000Z,Good thing I never tweet anything controversial
Elon Musk,@elonmusk,2022-01-16T23:12:29.000Z,It is heartening to see the rise of individualist vs corporate media
Elon Musk,@elonmusk,2022-01-16T06:19:15.000Z,So informative
Elon Musk,@elonmusk,2022-01-15T23:30:10.000Z,
Elon Musk,@elonmusk,2022-01-15T18:50:33.000Z,"1469 Starlink satellites active
272 moving to operational orbits
Laser links activate soon"
Elon Musk,@elonmusk,2022-01-15T07:09:37.000Z,
Elon Musk,@elonmusk,2022-01-14T06:18:50.000Z,Tesla merch buyable with Dogecoin
SpaceX,@SpaceX,2022-01-13T15:35:09.000Z,Falcon 9’s first stage has landed on Landing Zone 1
SpaceX,@SpaceX,2022-01-13T18:46:38.000Z,Falcon 9 launches 105 spacecraft to orbit and lands at Landing Zone 1
Elon Musk,@elonmusk,2022-01-12T04:10:25.000Z,Bizarre anti-environment move by govt of California
Tesla,@Tesla,2022-01-10T15:51:20.000Z,"Drive anywhere in the US using the Supercharger network, now in all 50 states"
Elon Musk,@elonmusk,2022-01-09T23:53:14.000Z,Starship launch & catch tower
Elon Musk,@elonmusk,2022-01-09T08:25:44.000Z,
Elon Musk,@elonmusk,2022-01-07T23:28:12.000Z,FSD price will rise as we get closer to FSD production code release
Elon Musk,@elonmusk,2022-01-07T23:26:23.000Z,Just in the US
Elon Musk,@elonmusk,2022-01-07T23:09:17.000Z,Tesla FSD price rising to $12k on Jan 17
Elon Musk,@elonmusk,2022-01-06T23:39:59.000Z,Starlinks with “lasers” deployed to orbit
SpaceX,@SpaceX,2022-01-06T21:36:56.000Z,Watch Falcon 9 launch 49 Starlink satellites to orbit → http://spacex.com/launches
Elon Musk,@elonmusk,2022-01-06T06:51:11.000Z,nice
Elon Musk,@elonmusk,2022-01-04T17:33:23.000Z,
Elon Musk,@elonmusk,2022-01-03T22:04:59.000Z,Raptor 2 now operates routinely at 300 bar main chamber pressure
Elon Musk,@elonmusk,2022-01-02T22:56:00.000Z,
Elon Musk,@elonmusk,2022-01-02T18:19:33.000Z,Let’s make the roaring 20’s happen!
Elon Musk,@elonmusk,2022-01-02T17:56:50.000Z,Great work by Tesla team worldwide!
Elon Musk,@elonmusk,2021-12-30T06:27:15.000Z,
Elon Musk,@elonmusk,2021-12-30T06:18:38.000Z,
Elon Musk,@elonmusk,2021-12-28T21:18:21.000Z,Lex asks great questions
Elon Musk,@elonmusk,2021-12-27T03:51:33.000Z,Physics formulas are the rendering rules
Elon Musk,@elonmusk,2021-12-27T03:49:50.000Z,"So much of AI is about compressing reality to a small vector space, like a video game in reverse"
Elon Musk,@elonmusk,2021-12-26T12:28:15.000Z,
Elon Musk,@elonmusk,2021-12-25T21:53:31.000Z,Floki Santa
Elon Musk,@elonmusk,2021-12-25T20:17:37.000Z,Merry Christmas    
Elon Musk,@elonmusk,2021-12-24T21:32:25.000Z,Interesting
Tesla,@Tesla,2021-12-24T16:40:31.000Z,Complete list of features here. Happy holidays! →
Elon Musk,@elonmusk,2021-12-24T15:49:48.000Z,Tesla holiday software update goes to wide release today!
Elon Musk,@elonmusk,2021-12-23T22:28:06.000Z,"10.8 looks good, rolling out today"
Elon Musk,@elonmusk,2021-12-23T01:16:48.000Z,The @SkepticsGuide book is 
Elon Musk,@elonmusk,2021-12-23T00:35:39.000Z,"Lots of Tesla cars to deliver before year end! Your support in taking delivery is much appreciated. 

Thanks also to the Tesla team working hard during the holidays!"
Elon Musk,@elonmusk,2021-12-22T23:17:53.000Z,"Whereas radar has trouble seeing small pedestrians, they’re obvious to Tesla vision"
Elon Musk,@elonmusk,2021-12-22T22:11:51.000Z,Tesla holiday software release being tested with internal owners today. Broader rollout starts tomorrow evening.
NASA,@NASA,2021-12-21T10:22:31.000Z,"Stage separation confirmed! The @SpaceX Dragon is now floating freely and flying toward the @Space_Station with science, supplies, and holiday treats aboard for the @NASA_Astronauts."
Elon Musk,@elonmusk,2021-12-21T16:23:03.000Z,100th SpaceX rocket landing was today
Elon Musk,@elonmusk,2021-12-21T05:36:24.000Z,Has anyone seen web3? I can’t find it.
Elon Musk,@elonmusk,2021-12-20T23:54:48.000Z, True. Ask your airline for Starlink!
Elon Musk,@elonmusk,2021-12-20T02:24:01.000Z,"For those wondering, I will pay over $11 billion in taxes this year"
Elon Musk,@elonmusk,2021-12-20T01:46:02.000Z,"I’m not suggesting web3 is real – seems more marketing buzzword than reality right now – just wondering what the future will be like in 10, 20 or 30 years. 2051 sounds crazy futuristic!"
Elon Musk,@elonmusk,2021-12-20T01:24:29.000Z,"Given the almost unimaginable nature of the present, what will the future be?"
Elon Musk,@elonmusk,2021-12-19T19:27:37.000Z,Looks like twitter is compressing the image
Elon Musk,@elonmusk,2021-12-19T19:26:29.000Z,Better resolution
Elon Musk,@elonmusk,2021-12-19T19:17:57.000Z,Should be taught to all at a young age
SpaceX,@SpaceX,2021-12-19T16:02:54.000Z,Two Falcon 9 launches completed in ~15 hours
Elon Musk,@elonmusk,2021-12-19T01:00:34.000Z,traceroute woke_mind_virus
SpaceX,@SpaceX,2021-12-18T12:29:44.000Z,Watch Falcon 9 launch 52 Starlink satellites to orbit → http://spacex.com/launches
Elon Musk,@elonmusk,2021-12-18T08:20:35.000Z,Silco & Jinx headline Coachella?
Elon Musk,@elonmusk,2021-12-18T07:40:43.000Z,
Elon Musk,@elonmusk,2021-12-18T04:44:37.000Z,Tesla FSD 10.8 plus holiday fun software release probably Tuesday
Elon Musk,@elonmusk,2021-12-18T04:01:04.000Z,Each Raptor 1 engine above produces 185 metric tons of force. Raptor 2 just started production & will do 230+ tons or over half a million pounds of force.
Elon Musk,@elonmusk,2021-12-18T03:55:20.000Z,Starship Super Heavy engine steering test
Elon Musk,@elonmusk,2021-12-16T19:30:13.000Z,Old school shell game
Elon Musk,@elonmusk,2021-12-16T18:23:37.000Z,
Elon Musk,@elonmusk,2021-12-16T04:35:40.000Z,
Elon Musk,@elonmusk,2021-12-15T20:31:35.000Z,Highly recommend all of @HardcoreHistory
Elon Musk,@elonmusk,2021-12-14T10:34:23.000Z,Tesla will make some merch buyable with Doge & see how it goes
Elon Musk,@elonmusk,2021-12-13T22:21:51.000Z,Will also be important for Mars
Elon Musk,@elonmusk,2021-12-13T22:21:34.000Z,SpaceX is starting a program to take CO2 out of atmosphere & turn it into rocket fuel. Please join if interested.
Elon Musk,@elonmusk,2021-12-12T22:25:09.000Z,
Elon Musk,@elonmusk,2021-12-12T12:47:36.000Z,
Elon Musk,@elonmusk,2021-12-12T12:29:34.000Z,Sine qua non non
Elon Musk,@elonmusk,2021-12-12T12:27:32.000Z,Sorry
Elon Musk,@elonmusk,2021-12-12T03:44:29.000Z,Just did a @HardcoreHistory episode with Dan Carlin. Hope you like it.
Elon Musk,@elonmusk,2021-12-11T20:12:56.000Z,"“No better friend, no worse enemy”"
Elon Musk,@elonmusk,2021-12-10T17:52:37.000Z,Mars & Cars
Elon Musk,@elonmusk,2021-12-10T17:29:40.000Z,"Wow, only three weeks to 2022! 
What will 2032 will be like? 
Seems so futuristic!
Will we be on Mars?"
Elon Musk,@elonmusk,2021-12-10T17:19:13.000Z,Hahaha … ?1
Elon Musk,@elonmusk,2021-12-10T03:56:22.000Z,thinking of quitting my jobs & becoming an influencer full-time wdyt
Elon Musk,@elonmusk,2021-12-10T02:51:25.000Z,
SpaceX,@SpaceX,2021-12-09T15:26:08.000Z,"More photos from last night's Falcon 9 launch of @NASA's IXPE mission to better understand black holes, neutron stars, and other aspects of our universe"
SpaceX,@SpaceX,2021-12-08T22:00:00.000Z,All systems and weather are looking good ahead of tonight’s launch of IXPE for @NASA http://spacex.com/launches
Elon Musk,@elonmusk,2021-12-08T21:11:08.000Z,"Unless susceptible to extreme natural disasters, nuclear power plants should not be shut down"
Elon Musk,@elonmusk,2021-12-08T20:56:14.000Z,Nothing is more permanent than a “temporary” government program
Elon Musk,@elonmusk,2021-12-08T20:52:56.000Z,There is a lot of accounting trickery in this bill that isn’t being disclosed to the public
Elon Musk,@elonmusk,2021-12-08T20:51:04.000Z,"If “temporary” provisions in the Build Back Better Act become permanent, US national debt will increase by 24%!"
Elon Musk,@elonmusk,2021-12-08T17:21:49.000Z,
Elon Musk,@elonmusk,2021-12-06T21:14:36.000Z,"A background in “AI” is not needed, just exceptional skill in software or computer design"
Elon Musk,@elonmusk,2021-12-06T05:42:48.000Z,"As always, Tesla is looking for hardcore AI engineers who care about solving problems that directly affect people’s lives in a major way."
Elon Musk,@elonmusk,2021-12-04T15:09:32.000Z,Starships to  Mars 
Elon Musk,@elonmusk,2021-12-04T15:08:15.000Z,We will soon make these real
Elon Musk,@elonmusk,2021-12-04T01:29:15.000Z,
Elon Musk,@elonmusk,2021-12-03T15:51:09.000Z,Construction of Starship orbital launch pad at the Cape has begun
SpaceX,@SpaceX,2021-12-02T22:59:02.000Z,Watch Falcon 9 launch 48 Starlink satellites and two BlackSky spacecraft to orbit → http://spacex.com/launches
Elon Musk,@elonmusk,2021-12-02T21:11:12.000Z,"Laws are on one side, poets on the other"
SpaceX,@SpaceX,2021-12-02T16:13:59.000Z,Targeting tonight at 6:12 p.m. EST for a Falcon 9 launch of 48 Starlink satellites and 2 BlackSky spacecraft to orbit from SLC-40 in Florida
Elon Musk,@elonmusk,2021-12-02T08:47:57.000Z,"Let’s set an age limit after which you can’t run for political office, perhaps a number just below 70 …"
Tesla Solar,@TeslaSolar,2021-12-01T18:34:08.000Z,"New Solar Roof tiles can deliver a 22% increase in power, resulting in more energy offset"
Elon Musk,@elonmusk,2021-12-01T16:00:08.000Z,
Elon Musk,@elonmusk,2021-12-01T08:12:11.000Z,Doesn’t even need maintenance – just works!
Elon Musk,@elonmusk,2021-12-01T08:04:51.000Z,"The sun is absurdly, overwhelmingly the source of energy in our solar system"
Elon Musk,@elonmusk,2021-12-01T07:19:53.000Z,Friends & pools are great
Elon Musk,@elonmusk,2021-12-01T00:36:14.000Z,"Don’t waste your money on that silly Apple Cloth, buy our whistle instead!"
Elon Musk,@elonmusk,2021-12-01T00:23:05.000Z,Blow the whistle on Tesla!
Elon Musk,@elonmusk,2021-11-30T22:59:18.000Z,DayQuil + NyQuil
Elon Musk,@elonmusk,2021-11-30T01:08:57.000Z,I love a great whine
Elon Musk,@elonmusk,2021-11-30T00:24:41.000Z,
Elon Musk,@elonmusk,2021-11-30T00:13:51.000Z,Splish splash
Elon Musk,@elonmusk,2021-11-29T23:52:29.000Z,Just dropping some friends off at the pool
Elon Musk,@elonmusk,2021-11-25T19:56:37.000Z,"Happy Thanksgiving to all! Hope you have a great day. 

Your support over the years is super appreciated "
Elon Musk,@elonmusk,2021-11-25T11:15:48.000Z,Avenge the dinosaurs!!
SpaceX,@SpaceX,2021-11-24T15:54:05.000Z,More photos from last night's Falcon 9 launch of @NASA's double asteroid redirection test → http://flickr.com/spacex/
SpaceX,@SpaceX,2021-11-24T07:19:05.000Z,"Deployment confirmed, @NASA’s DART is on its way to redirect an asteroid"
SpaceX,@SpaceX,2021-11-24T06:05:22.000Z,Watch Falcon 9 launch @NASA’s DART mission – humanity’s first planetary defense test to redirect an asteroid http://spacex.com/launches
Elon Musk,@elonmusk,2021-11-24T06:10:32.000Z,About to launch asteroid defense test!
SpaceX,@SpaceX,2021-11-23T18:24:24.000Z,All systems and weather are looking good for tonight’s Falcon 9 launch of @NASA’s DART into an asteroid-intercepting interplanetary trajectory → http://spacex.com/launches
Elon Musk,@elonmusk,2021-11-22T05:27:04.000Z,It gives me solace
Elon Musk,@elonmusk,2021-11-22T05:20:36.000Z,At least 50% of my tweets were made on a porcelain throne
Elon Musk,@elonmusk,2021-11-22T05:15:38.000Z,Model S Plaid is sickkkk!!!!
Elon Musk,@elonmusk,2021-11-22T04:41:09.000Z,I aspire to comedy
Elon Musk,@elonmusk,2021-11-19T21:30:43.000Z,"A simpler time, it was"
Elon Musk,@elonmusk,2021-11-19T21:03:13.000Z,"NASA will intentionally crash the DART spacecraft into an asteroid to see if that is an effective way to change its course, should an Earth-threatening asteroid be discovered in the future"
SpaceX,@SpaceX,2021-11-19T20:20:00.000Z,"Static fire test complete – targeting Tuesday, November 23 at 10:21 p.m. PT for Falcon 9’s launch of @NASA’s Double Asteroid Redirection Test"
Elon Musk,@elonmusk,2021-11-19T17:40:53.000Z,Don’t want to brag but … I’m the best at humility
Elon Musk,@elonmusk,2021-11-18T16:34:45.000Z,It is hard to find good sources of relatively objective news these days. Any suggestions?
Elon Musk,@elonmusk,2021-11-18T08:09:03.000Z,“We are choked with news and starved of history” – Durant
Elon Musk,@elonmusk,2021-11-18T00:36:31.000Z,My comments starts at 6:49 mark
Elon Musk,@elonmusk,2021-11-18T00:34:16.000Z,"Talked about Starship with National Academies Space Studies Board

https://youtu.be/rLydXZOo4eA"
Elon Musk,@elonmusk,2021-11-17T03:20:27.000Z,12 million pounds of thrust at liftoff
Elon Musk,@elonmusk,2021-11-15T01:48:09.000Z,Due to inflation 420 has gone up by 69
Consumer Reports,@ConsumerReports,2021-02-04T18:54:00.000Z,"We surveyed car owners to find the most satisfying vehicles on the road. 

Rounding out the top 3 were the Tesla Model 3, Kia Telluride, and Tesla Model S."
Elon Musk,@elonmusk,2021-11-13T16:47:09.000Z,129 Orbital Flights
SpaceX,@SpaceX,2021-11-13T12:06:35.000Z,Watch Falcon 9 launch 53 Starlink satellites to orbit → http://spacex.com/launches
SpaceX,@SpaceX,2021-11-12T19:34:16.000Z,First 6-engine static fire test of Starship
Elon Musk,@elonmusk,2021-11-13T11:16:58.000Z,
NASA,@NASA,2021-11-12T01:31:44.000Z,"Four new astronauts through the hatch and seven crewmembers total on the @Space_Station!

After almost exactly a day from launch, #Crew3 is aboard the orbiting laboratory."
Tesla Charging,@TeslaCharging,2021-11-11T00:10:00.000Z,30k Superchargers around the world — and counting
SpaceX,@SpaceX,2021-11-10T21:47:18.000Z,Watch Falcon 9 launch Dragon with four astronauts on board to the @space_station → http://spacex.com/launches
SpaceX,@SpaceX,2021-11-10T01:02:16.000Z,"Jupiter, Saturn, the Moon, and Venus above Falcon and Dragon tonight"
Elon Musk,@elonmusk,2021-11-09T15:32:04.000Z,Sometimes they’re a little 2-dimensional
Elon Musk,@elonmusk,2021-11-09T08:13:40.000Z,I have all their albums
SpaceX,@SpaceX,2021-11-09T01:39:40.000Z,Crew-2 astronauts have donned their spacesuits ahead of Dragon's reentry into the Earth's atmosphere
NASA,@NASA,2021-11-08T19:41:11.000Z,"This is what teamwork sounds like.

As @SpaceX's Crew Dragon Endeavour begins its flyaround of the @Space_Station, @Astro_Sabot shares words of farewell for his departing Crew-2 colleagues:"
SpaceX,@SpaceX,2021-11-08T18:51:23.000Z,Watch Dragon depart the @space_station and return to Earth with Crew-2 astronauts → http://spacex.com/launches
SpaceX,@SpaceX,2021-11-07T15:52:06.000Z,"Following Crew-2’s return to Earth, Falcon 9 will launch Dragon’s third long-duration crew mission to the @Space_Station as soon as Wednesday, November 10; weather forecast is 80% favorable for liftoff"
SpaceX,@SpaceX,2021-11-08T16:21:44.000Z,"After a six-month stay, Dragon and the Crew-2 astronauts are set to depart the @space_station today at ~2:00 p.m. ET → http://spacex.com/launches"
Elon Musk,@elonmusk,2021-11-06T20:05:43.000Z,Roll them  
Elon Musk,@elonmusk,2021-11-06T19:30:34.000Z,* abide(n)
Elon Musk,@elonmusk,2021-11-06T19:28:33.000Z,"Note, I do not take a cash salary or bonus from anywhere. I only have stock, thus the only way for me to pay taxes personally is to sell stock."
Elon Musk,@elonmusk,2021-11-06T19:23:11.000Z,"I will abide by the results of this poll, whichever way it goes"
Elon Musk,@elonmusk,2021-11-06T19:17:49.000Z,"Much is made lately of unrealized gains being a means of tax avoidance, so I propose selling 10% of my Tesla stock.

Do you support this?"
Elon Musk,@elonmusk,2021-11-03T19:28:23.000Z,And Mars
Elon Musk,@elonmusk,2021-11-03T07:34:08.000Z,"Yup, even the moon"
Elon Musk,@elonmusk,2021-11-02T00:12:52.000Z,
Elon Musk,@elonmusk,2021-11-01T14:55:55.000Z,Trial program for opening Tesla Superchargers to other EVs has begun
Tesla,@Tesla,2021-10-31T15:03:08.000Z,Happy Halloween 
Elon Musk,@elonmusk,2021-10-31T18:20:50.000Z,Tuition is in Dogecoin & u get a discount if u have a dog
SpaceX,@SpaceX,2021-10-29T04:12:36.000Z,"Crew-3 astronauts, SpaceX, and @NASA completed a full rehearsal of launch day activities"
SpaceX,@SpaceX,2021-10-29T14:10:10.000Z,"Falcon 9 and Dragon are looking good for Sunday morning’s launch. Weather forecast is 80% favorable for liftoff, while teams are keeping an eye on weather along the ascent corridor"
Elon Musk,@elonmusk,2021-10-29T06:36:25.000Z,Universally admired
Elon Musk,@elonmusk,2021-10-29T05:22:26.000Z,It will have epic merch
Elon Musk,@elonmusk,2021-10-29T05:20:58.000Z,"Am thinking of starting new university:
Texas Institute of Technology & Science"
SpaceX,@SpaceX,2021-10-27T22:01:15.000Z,Timelapse of Falcon 9 and Dragon going vertical
SpaceX,@SpaceX,2021-10-27T20:38:41.000Z,Falcon 9 and Dragon vertical on Launch Complex 39A
Thomas H. Marshburn,@AstroMarshburn,2021-10-25T20:55:45.000Z,Endurance has arrived at the Hangar! We can’t wait to ride this @SpaceX Dragon to the @Space_Station in a few days…
Elon Musk,@elonmusk,2021-10-25T19:59:17.000Z,Wild $T1mes!
Elon Musk,@elonmusk,2021-10-25T10:02:13.000Z,10.3.1 rolling out now
Elon Musk,@elonmusk,2021-10-25T08:09:11.000Z,What if ur name is Johnson & u just happen to work at Johnson & Johnson?
Elon Musk,@elonmusk,2021-10-25T08:02:23.000Z,Naughtius Maximus
Elon Musk,@elonmusk,2021-10-25T02:11:27.000Z,Although Teams is pretty good
Elon Musk,@elonmusk,2021-10-25T02:07:11.000Z,Macrohard >> Microsoft
Elon Musk,@elonmusk,2021-10-25T01:08:54.000Z,erotic democracy >> sclerotic democracy
Elon Musk,@elonmusk,2021-10-24T20:38:15.000Z,Pop music has both literal & figurative Stockholm Syndrome
Elon Musk,@elonmusk,2021-10-24T18:44:33.000Z,"Seeing some issues with 10.3, so rolling back to 10.2 temporarily. 

Please note, this is to be expected with beta software. It is impossible to test all hardware configs in all conditions with internal QA, hence public beta."
SpaceX,@SpaceX,2021-10-23T23:59:28.000Z,Gateway to Mars
Elon Musk,@elonmusk,2021-10-23T14:50:00.000Z,Your support makes a big difference! Please let the FAA know your opinion.
Elon Musk,@elonmusk,2021-10-23T13:43:53.000Z,"Regression in some left turns at traffic lights found by internal QA in 10.3. Fix in work, probably releasing tomorrow."
Elon Musk,@elonmusk,2021-10-22T18:14:26.000Z,Starbase under construction
SpaceX,@SpaceX,2021-10-22T00:50:41.000Z,First firing of a Raptor vacuum engine integrated onto a Starship
Elon Musk,@elonmusk,2021-10-21T02:41:14.000Z,
The Boring Company,@boringcompany,2021-10-20T20:29:36.000Z,"Vegas Loop is expanding - 29 miles and 51 stations! 
Thanks to the Clark County team for the great partnership and to the Commissioners for unanimous approval."
Elon Musk,@elonmusk,2021-10-19T12:16:20.000Z,
Elon Musk,@elonmusk,2021-10-18T21:31:31.000Z,
Elon Musk,@elonmusk,2021-10-17T22:22:31.000Z,I’ve thought about and … I’m not sorry for party rocking
Elon Musk,@elonmusk,2021-10-17T22:20:36.000Z,"(\_/)
( •_•)
/ >"
Elon Musk,@elonmusk,2021-10-17T02:42:44.000Z,"Thanks Cameron County, Brownsville & South Padre for your support! Much appreciated."
Elon Musk,@elonmusk,2021-10-15T03:18:00.000Z,Beta 10.3 releasing Friday next week to all cars with 99/100 safety score
SpaceX,@SpaceX,2021-10-13T22:01:22.000Z,Crew-3 astronauts test out their flight hardware ahead of launch later this month
Elon Musk,@elonmusk,2021-10-14T07:57:30.000Z,Can’t wait to be in Genshin Impact 
